HST,Fase_Utama,Sub_Fase,Target_SM_Bawah_pct,Target_SM_Atas_pct,Wilting_Point_pct,Kc
0,VEGETATIF,Seedling_Establishment,80,90,59,1.05
1,VEGETATIF,Seedling_Establishment,80,90,59,1.05
2,VEGETATIF,Seedling_Establishment,80,90,59,1.05
3,VEGETATIF,Seedling_Establishment,80,90,59,1.05
4,VEGETATIF,Seedling_Establishment,80,90,59,1.05
5,VEGETATIF,Seedling_Establishment,80,90,59,1.05
6,VEGETATIF,Seedling_Establishment,80,90,59,1.05
7,VEGETATIF,Seedling_Establishment,80,90,59,1.05
8,VEGETATIF,Seedling_Establishment,80,90,59,1.05
9,VEGETATIF,Seedling_Establishment,80,90,59,1.05
10,VEGETATIF,Seedling_Establishment,80,90,59,1.05
11,VEGETATIF,Seedling_Establishment,80,90,59,1.05
12,VEGETATIF,Seedling_Establishment,80,90,59,1.05
13,VEGETATIF,Seedling_Establishment,80,90,59,1.05
14,VEGETATIF,Seedling_Establishment,80,90,59,1.05
15,VEGETATIF,Seedling_Establishment,80,90,59,1.05
16,VEGETATIF,Early_Tillering,75,85,59,1.10
17,VEGETATIF,Early_Tillering,75,85,59,1.10
18,VEGETATIF,Early_Tillering,75,85,59,1.10
19,VEGETATIF,Early_Tillering,75,85,59,1.10
20,VEGETATIF,Early_Tillering,75,85,59,1.10
21,VEGETATIF,Early_Tillering,75,85,59,1.10
22,VEGETATIF,Early_Tillering,75,85,59,1.10
23,VEGETATIF,Early_Tillering,75,85,59,1.10
24,VEGETATIF,Early_Tillering,75,85,59,1.10
25,VEGETATIF,Early_Tillering,75,85,59,1.10
26,VEGETATIF,Early_Tillering,75,85,59,1.10
27,VEGETATIF,Early_Tillering,75,85,59,1.10
28,VEGETATIF,Early_Tillering,75,85,59,1.10
29,VEGETATIF,Early_Tillering,75,85,59,1.10
30,VEGETATIF,Early_Tillering,75,85,59,1.10
31,VEGETATIF,Early_Tillering,75,85,59,1.10
32,VEGETATIF,Early_Tillering,75,85,59,1.10
33,VEGETATIF,Early_Tillering,75,85,59,1.10
34,VEGETATIF,Early_Tillering,75,85,59,1.10
35,VEGETATIF,Early_Tillering,75,85,59,1.10
36,VEGETATIF,Active_Tillering,75,85,59,1.15
37,VEGETATIF,Active_Tillering,75,85,59,1.15
38,VEGETATIF,Active_Tillering,75,85,59,1.15
39,VEGETATIF,Active_Tillering,75,85,59,1.15
40,VEGETATIF,Active_Tillering,75,85,59,1.15
41,VEGETATIF,Active_Tillering,75,85,59,1.15
42,VEGETATIF,Active_Tillering,75,85,59,1.15
43,VEGETATIF,Active_Tillering,75,85,59,1.15
44,VEGETATIF,Active_Tillering,75,85,59,1.15
45,VEGETATIF,Active_Tillering,75,85,59,1.15
46,REPRODUKTIF,Panicle_Initiation,80,90,59,1.16
47,REPRODUKTIF,Panicle_Initiation,80,90,59,1.16
48,REPRODUKTIF,Panicle_Initiation,80,90,59,1.16
49,REPRODUKTIF,Panicle_Initiation,80,90,59,1.16
50,REPRODUKTIF,Panicle_Initiation,80,90,59,1.16
51,REPRODUKTIF,Panicle_Initiation,80,90,59,1.16
52,REPRODUKTIF,Panicle_Initiation,80,90,59,1.16
53,REPRODUKTIF,Panicle_Initiation,80,90,59,1.16
54,REPRODUKTIF,Panicle_Initiation,80,90,59,1.16
55,REPRODUKTIF,Panicle_Initiation,80,90,59,1.16
56,REPRODUKTIF,Panicle_Initiation,80,90,59,1.16
57,REPRODUKTIF,Panicle_Initiation,80,90,59,1.16
58,REPRODUKTIF,Panicle_Initiation,80,90,59,1.16
59,REPRODUKTIF,Panicle_Initiation,80,90,59,1.16
60,REPRODUKTIF,Panicle_Initiation,80,90,59,1.16
61,REPRODUKTIF,Booting_Early_Reproductive,80,90,59,1.20
62,REPRODUKTIF,Booting_Early_Reproductive,80,90,59,1.20
63,REPRODUKTIF,Booting_Early_Reproductive,80,90,59,1.20
64,REPRODUKTIF,Booting_Early_Reproductive,80,90,59,1.20
65,REPRODUKTIF,Booting_Early_Reproductive,80,90,59,1.20
66,REPRODUKTIF,Booting_Early_Reproductive,80,90,59,1.20
67,REPRODUKTIF,Booting_Early_Reproductive,80,90,59,1.20
68,REPRODUKTIF,Booting_Early_Reproductive,80,90,59,1.20
69,REPRODUKTIF,Booting_Early_Reproductive,80,90,59,1.20
70,REPRODUKTIF,Booting_Early_Reproductive,80,90,59,1.20
71,REPRODUKTIF,Booting_Early_Reproductive,80,90,59,1.20
72,REPRODUKTIF,Booting_Early_Reproductive,80,90,59,1.20
73,REPRODUKTIF,Booting_Early_Reproductive,80,90,59,1.20
74,REPRODUKTIF,Booting_Early_Reproductive,80,90,59,1.20
75,REPRODUKTIF,Booting_Early_Reproductive,80,90,59,1.20
76,REPRODUKTIF,Flowering_Anthesis,85,100,59,1.20
77,REPRODUKTIF,Flowering_Anthesis,85,100,59,1.20
78,REPRODUKTIF,Flowering_Anthesis,85,100,59,1.20
79,REPRODUKTIF,Flowering_Anthesis,85,100,59,1.20
80,REPRODUKTIF,Flowering_Anthesis,85,100,59,1.20
81,REPRODUKTIF,Flowering_Anthesis,85,100,59,1.20
82,REPRODUKTIF,Flowering_Anthesis,85,100,59,1.20
83,REPRODUKTIF,Flowering_Anthesis,85,100,59,1.20
84,REPRODUKTIF,Flowering_Anthesis,85,100,59,1.20
85,REPRODUKTIF,Flowering_Anthesis,85,100,59,1.20
86,REPRODUKTIF,Flowering_Anthesis,85,100,59,1.20
87,REPRODUKTIF,Flowering_Anthesis,85,100,59,1.20
88,REPRODUKTIF,Flowering_Anthesis,85,100,59,1.20
89,REPRODUKTIF,Flowering_Anthesis,85,100,59,1.20
90,REPRODUKTIF,Flowering_Anthesis,85,100,59,1.20
91,REPRODUKTIF,Early_Grain_Filling,75,85,59,0.95
92,REPRODUKTIF,Early_Grain_Filling,75,85,59,0.95
93,REPRODUKTIF,Early_Grain_Filling,75,85,59,0.95
94,REPRODUKTIF,Early_Grain_Filling,75,85,59,0.95
95,REPRODUKTIF,Early_Grain_Filling,75,85,59,0.95
96,REPRODUKTIF,Early_Grain_Filling,75,85,59,0.95
97,REPRODUKTIF,Early_Grain_Filling,75,85,59,0.95
98,REPRODUKTIF,Early_Grain_Filling,75,85,59,0.95
99,REPRODUKTIF,Early_Grain_Filling,75,85,59,0.95
100,REPRODUKTIF,Early_Grain_Filling,75,85,59,0.95
101,REPRODUKTIF,Early_Grain_Filling,75,85,59,0.95
102,REPRODUKTIF,Early_Grain_Filling,75,85,59,0.95
103,REPRODUKTIF,Early_Grain_Filling,75,85,59,0.95
104,REPRODUKTIF,Early_Grain_Filling,75,85,59,0.95
105,REPRODUKTIF,Early_Grain_Filling,75,85,59,0.95
106,PEMASAKAN,Late_Grain_Filling_Ripening,70,80,59,0.75
107,PEMASAKAN,Late_Grain_Filling_Ripening,70,80,59,0.75
108,PEMASAKAN,Late_Grain_Filling_Ripening,70,80,59,0.75
109,PEMASAKAN,Late_Grain_Filling_Ripening,70,80,59,0.75
110,PEMASAKAN,Late_Grain_Filling_Ripening,70,80,59,0.75
111,PEMASAKAN,Late_Grain_Filling_Ripening,70,80,59,0.75
112,PEMASAKAN,Late_Grain_Filling_Ripening,70,80,59,0.75
113,PEMASAKAN,Late_Grain_Filling_Ripening,70,80,59,0.75
114,PEMASAKAN,Late_Grain_Filling_Ripening,70,80,59,0.75
115,PEMASAKAN,Late_Grain_Filling_Ripening,70,80,59,0.75
116,PEMASAKAN,Late_Grain_Filling_Ripening,70,80,59,0.75
117,PEMASAKAN,Late_Grain_Filling_Ripening,70,80,59,0.75
118,PEMASAKAN,Late_Grain_Filling_Ripening,70,80,59,0.75
119,PEMASAKAN,Late_Grain_Filling_Ripening,70,80,59,0.75
120,PEMASAKAN,Late_Grain_Filling_Ripening,70,80,59,0.75
